,Date,Close,Diff,Open,High,Low,Volume
1483,2018-01-03,12940,85,12945,12950,12940,4645
1482,2018-01-04,13020,80,13025,13035,13005,2820
1481,2018-01-05,13105,85,13105,13105,13070,9854
1480,2018-01-08,13190,85,13195,13195,13170,5150
1479,2018-01-09,13170,20,13190,13205,13165,13373
1475,2018-01-10,13215,45,13225,13225,13175,4959
1474,2018-01-11,13225,10,13210,13235,13190,2044
1473,2018-01-12,13310,85,13265,13310,13260,3053
1472,2018-01-15,13430,120,13440,13440,13395,21502
1471,2018-01-16,13410,20,13420,13435,13380,13507
1468,2018-01-17,13380,30,13370,13385,13335,5180
1467,2018-01-18,13470,90,13445,13485,13440,26166
1466,2018-01-19,13425,45,13470,13470,13410,2008
1465,2018-01-22,13485,60,13480,13485,13450,21101
1464,2018-01-23,13620,135,13615,13645,13585,53518
1460,2018-01-24,13640,20,13640,13650,13615,4872
1459,2018-01-25,13645,5,13635,13650,13610,1123
1458,2018-01-26,13655,10,13625,13675,13625,1956
1457,2018-01-29,13780,125,13825,13830,13780,6555
1456,2018-01-30,13635,145,13740,13740,13600,55435
1453,2018-01-31,13575,60,13525,13615,13525,7106
1452,2018-02-01,13620,45,13610,13630,13575,4989
1451,2018-02-02,13540,80,13590,13590,13495,3339
1450,2018-02-05,13215,325,13135,13220,13135,4320
1449,2018-02-06,12415,800,12585,12630,12150,161870
1445,2018-02-07,12755,340,12875,12905,12755,142381
1444,2018-02-08,12820,65,12670,12820,12670,11394
1443,2018-02-09,12490,330,12400,12520,12375,5997
1442,2018-02-12,12640,150,12590,12650,12590,43141
1441,2018-02-13,12690,50,12720,12750,12655,35378
1438,2018-02-14,12755,65,12780,12780,12740,745
1437,2018-02-19,13165,410,13100,13170,13100,4200
1436,2018-02-20,13070,95,13095,13105,13050,9682
1435,2018-02-21,13000,70,13035,13045,12950,1278
1434,2018-02-22,12910,90,12905,12910,12845,6602
1430,2018-02-23,13035,125,12975,13060,12975,1605
1429,2018-02-26,13200,165,13150,13200,13115,13038
1428,2018-02-27,13315,115,13350,13350,13310,4008
1427,2018-02-28,13125,190,13200,13200,13110,6163
1426,2018-03-02,12840,285,12850,12850,12775,18323
1423,2018-03-05,12815,25,12840,12880,12795,10493
1422,2018-03-06,13030,215,13030,13040,12995,4324
1421,2018-03-07,12870,160,12890,12945,12855,4342
1420,2018-03-08,13055,185,13010,13065,13005,1887
1419,2018-03-09,13100,45,13100,13130,13085,856
1415,2018-03-12,13415,315,13380,13415,13345,10150
1414,2018-03-13,13310,105,13295,13340,13295,1765
1413,2018-03-14,13230,80,13200,13230,13200,552
1412,2018-03-15,13200,30,13190,13210,13135,2404
1411,2018-03-16,13185,15,13200,13200,13150,7679
1408,2018-03-19,13145,40,13175,13175,13100,1406
1407,2018-03-20,13055,90,13010,13055,12975,460310
1406,2018-03-21,12995,60,13020,13025,12995,4443
1405,2018-03-22,13020,25,13015,13035,12995,3289
1404,2018-03-23,12580,440,12585,12615,12530,12500
1400,2018-03-26,12525,55,12455,12540,12455,12864
1399,2018-03-27,12770,245,12700,12775,12700,2243
1398,2018-03-28,12505,265,12500,12530,12450,9290
1397,2018-03-29,12490,15,12445,12495,12445,253257
1396,2018-03-30,12620,130,12580,12670,12580,14137
1393,2018-04-02,12600,20,12610,12620,12580,51096
1392,2018-04-03,12355,245,12360,12385,12350,9700
1391,2018-04-04,12425,70,12470,12475,12425,3635
1390,2018-04-05,12725,300,12695,12745,12645,5180
1389,2018-04-06,12640,85,12620,12650,12565,2129
1385,2018-04-09,12570,70,12550,12675,12480,304535
1384,2018-04-10,12675,105,12515,12710,12510,611
1383,2018-04-11,12640,35,12665,12665,12610,362
1382,2018-04-12,12655,15,12670,12690,12620,3738
1381,2018-04-13,12750,95,12675,12750,12675,12076
1378,2018-04-16,12765,15,12750,12795,12720,7761
1377,2018-04-17,12865,100,12820,12865,12800,1160
1376,2018-04-18,12940,75,12920,12975,12920,372
1375,2018-04-19,12965,25,12945,12995,12945,3681
1374,2018-04-20,12880,85,12890,12900,12845,2872
1370,2018-04-23,12805,75,12820,12835,12780,4693
1369,2018-04-24,12780,25,12745,12800,12745,414
1368,2018-04-25,12595,185,12625,12635,12570,1658
1367,2018-04-26,12650,55,12640,12705,12635,12966
1366,2018-04-27,12785,135,12710,12790,12710,8385
1363,2018-04-30,12805,20,12785,12805,12785,11239
1362,2018-05-02,12700,105,12715,12715,12645,13553
1361,2018-05-03,12600,100,12585,12600,12560,4734
1360,2018-05-04,12590,10,12585,12620,12550,14278
1359,2018-05-08,12780,190,12730,12790,12730,4563
1355,2018-05-09,12790,10,12735,12795,12730,6207
1354,2018-05-10,12935,145,12865,12935,12865,3280
1353,2018-05-11,13020,85,13035,13055,12985,14191
1352,2018-05-14,13110,90,13100,13120,13065,6967
1351,2018-05-15,13030,80,13065,13065,12990,4111
1348,2018-05-16,12965,65,12925,12985,12925,5400
1347,2018-05-17,13035,70,13040,13055,13005,3210
1346,2018-05-18,13050,15,13035,13055,13005,3092
1345,2018-05-21,13065,15,13050,13080,13030,26371
1344,2018-05-23,13035,30,13060,13060,13010,10231
1340,2018-05-24,13060,25,13020,13070,13020,142544
1339,2018-05-25,13085,25,13035,13105,13035,9658
1338,2018-05-28,13095,10,13080,13100,13000,74671
1337,2018-05-29,13045,50,13050,13050,13045,401
1336,2018-05-30,12945,100,12885,12945,12845,122716
1333,2018-05-31,13045,100,12980,13045,12980,21755
1332,2018-06-01,12995,50,12985,12995,12945,14205
1331,2018-06-04,13125,130,13095,13130,13085,7993
1330,2018-06-05,13155,30,13135,13155,13110,3335
1329,2018-06-07,13300,145,13220,13300,13220,12687
1325,2018-06-08,13235,65,13275,13280,13235,9940
1324,2018-06-11,13285,50,13250,13320,13250,10743
1323,2018-06-12,13365,80,13345,13365,13290,56508
1322,2018-06-14,13295,70,13300,13320,13260,96355
1321,2018-06-15,13340,45,13340,13350,13300,14977
1318,2018-06-18,13225,115,13325,13325,13220,98898
1317,2018-06-19,13140,85,13185,13240,13135,7975
1316,2018-06-20,13265,125,13195,13270,13195,23340
1315,2018-06-21,13285,20,13275,13320,13240,22412
1314,2018-06-22,13205,80,13180,13210,13135,6544
1310,2018-06-25,13120,85,13200,13200,13120,7285
1309,2018-06-26,13065,55,13020,13065,13015,125149
1308,2018-06-27,13040,25,13070,13080,13005,13681
1307,2018-06-28,12985,55,12965,13000,12950,12150
1306,2018-06-29,13070,85,13030,13080,13010,21871
1303,2018-07-02,12960,110,13035,13055,12925,64889
1302,2018-07-03,13075,115,13060,13080,13030,7500
1301,2018-07-04,13015,60,12995,13020,12980,4216
1300,2018-07-05,13000,15,13025,13035,12970,5723
1299,2018-07-06,13135,135,13065,13150,13065,6005
1295,2018-07-09,13275,140,13245,13285,13210,9743
1294,2018-07-10,13355,80,13355,13385,13350,9661
1293,2018-07-11,13295,60,13250,13305,13210,4461
1292,2018-07-12,13345,50,13305,13345,13295,14727
1291,2018-07-13,13435,90,13420,13440,13385,11378
1288,2018-07-16,13375,60,13450,13465,13375,9132
1287,2018-07-17,13390,15,13405,13410,13370,9268
1286,2018-07-18,13470,80,13470,13480,13425,2577
1285,2018-07-19,13475,5,13485,13500,13440,41771
1284,2018-07-20,13410,65,13445,13445,13385,6156
1280,2018-07-23,13405,5,13420,13420,13350,2198
1279,2018-07-24,13510,105,13495,13515,13475,2216
1278,2018-07-25,13490,20,13500,13500,13450,5147
1277,2018-07-26,13585,95,13540,13585,13525,19212
1276,2018-07-27,13645,60,13605,13645,13570,8147
1273,2018-07-30,13470,175,13485,13485,13425,33065
1272,2018-07-31,13455,15,13450,13455,13435,23326
1271,2018-08-01,13515,60,13520,13520,13445,312643
1270,2018-08-02,13445,70,13480,13490,13430,77656
1269,2018-08-03,13560,115,13520,13570,13510,25067
1265,2018-08-06,13615,55,13605,13620,13570,8592
1264,2018-08-07,13675,60,13645,13675,13615,40614
1263,2018-08-08,13705,30,13680,13720,13680,18379
1262,2018-08-09,13690,15,13680,13725,13635,28709
1261,2018-08-10,13620,70,13665,13665,13595,11778
1258,2018-08-13,13540,80,13535,13575,13485,16543
1257,2018-08-14,13580,40,13550,13580,13530,8915
1256,2018-08-16,13570,10,13465,13570,13465,23755
1255,2018-08-17,13640,70,13630,13660,13585,35919
1254,2018-08-20,13680,40,13640,13680,13640,10089
1250,2018-08-21,13705,25,13690,13710,13665,5783
1249,2018-08-22,13670,35,13650,13690,13625,11757
1248,2018-08-23,13715,45,13720,13720,13665,27494
1247,2018-08-24,13715,0,13695,13725,13660,8921
1246,2018-08-27,13820,105,13775,13830,13775,23773
1243,2018-08-28,13870,50,13860,13890,13855,44147
1242,2018-08-29,13915,45,13870,13920,13865,42295
1241,2018-08-30,13945,30,13925,13960,13915,35280
1240,2018-08-31,13930,15,13850,13930,13850,44607
1239,2018-09-03,13930,0,13930,13935,13885,31961
1235,2018-09-04,13950,20,13930,13950,13895,16015
1234,2018-09-05,13870,80,13885,13910,13850,19870
1233,2018-09-06,13830,40,13840,13865,13825,6620
1232,2018-09-07,13825,5,13795,13825,13745,28546
1231,2018-09-10,13810,15,13790,13825,13755,15168
1228,2018-09-11,13820,10,13820,13825,13780,31660
1227,2018-09-12,13865,45,13855,13870,13835,71342
1226,2018-09-13,13850,15,13855,13865,13805,9047
1225,2018-09-14,13950,100,13895,13950,13895,22414
1224,2018-09-17,13910,40,13905,13920,13870,30831
1220,2018-09-18,13875,35,13805,13875,13770,10526
1219,2018-09-19,13945,70,13945,13945,13910,15504
1218,2018-09-20,13950,5,13965,13965,13915,12762
1217,2018-09-21,14050,100,13985,14050,13980,21839
1216,2018-09-27,13940,110,13945,13960,13910,17968
1213,2018-09-28,13970,30,13955,13995,13945,27995
1212,2018-10-01,14040,70,14010,14050,13985,36942
1211,2018-10-02,13990,50,14020,14020,13960,21920
1210,2018-10-04,13950,40,14000,14000,13935,5594
1209,2018-10-05,13945,5,13925,13960,13885,26972
1205,2018-10-08,13850,95,13840,13870,13810,12821
1204,2018-10-10,13830,20,13825,13835,13775,6973
1203,2018-10-11,13230,600,13265,13300,13135,8724
1202,2018-10-12,13290,60,13200,13305,13165,17357
1201,2018-10-15,13180,110,13205,13245,13155,13145
1198,2018-10-16,13195,15,13185,13210,13155,8559
1197,2018-10-17,13490,295,13445,13490,13445,11310
1196,2018-10-18,13405,85,13435,13435,13385,12495
1195,2018-10-19,13320,85,13270,13330,13235,46092
1194,2018-10-22,13290,30,13220,13290,13150,7437
1190,2018-10-23,13000,290,13175,13175,13000,22029
1189,2018-10-24,13100,100,13095,13150,13060,28862
1188,2018-10-25,12800,300,12720,12800,12710,29560
1187,2018-10-26,12795,5,12800,12805,12680,38407
1186,2018-10-29,12750,45,12755,12830,12715,10913
1183,2018-10-30,12745,5,12645,12775,12620,9350
1182,2018-10-31,12920,175,12890,12920,12815,65198
1181,2018-11-01,12975,55,12985,13030,12955,31167
1180,2018-11-02,13175,200,13085,13200,13035,19792
1179,2018-11-05,13010,165,12995,13020,12960,11069
1175,2018-11-06,13125,115,13075,13130,13070,38635
1174,2018-11-07,13220,95,13175,13270,13140,8275
1173,2018-11-08,13455,235,13430,13480,13425,7173
1172,2018-11-09,13435,20,13415,13445,13370,7811
1171,2018-11-12,13370,65,13270,13375,13270,11544
1168,2018-11-13,13125,245,13065,13130,13030,4959
1167,2018-11-14,13050,75,13090,13105,13020,3263
1166,2018-11-15,12970,80,12905,12975,12880,6787
1165,2018-11-16,13045,75,13025,13070,13025,4616
1164,2018-11-19,13100,55,13050,13100,13045,2678
1160,2018-11-20,12880,220,12895,12905,12830,8449
1159,2018-11-21,12690,190,12630,12690,12600,3942
1158,2018-11-22,12715,25,12700,12725,12640,3055
1157,2018-11-23,12640,75,12665,12670,12615,7642
1156,2018-11-26,12670,30,12640,12670,12610,3178
1153,2018-11-27,12760,90,12715,12775,12705,903
1152,2018-11-28,12895,135,12835,12895,12830,922
1151,2018-11-29,13095,200,13085,13125,13060,8055
1150,2018-11-30,13130,35,13125,13130,13080,13519
1149,2018-12-03,13450,320,13400,13455,13370,25117
1145,2018-12-04,13275,175,13350,13350,13220,7704
1144,2018-12-05,12975,300,12935,13000,12935,8534
1143,2018-12-06,12765,210,12850,12865,12735,42986
1142,2018-12-07,12850,85,12865,12885,12810,42715
1141,2018-12-10,12570,280,12525,12570,12500,88857
1138,2018-12-11,12605,35,12635,12635,12550,12433
1137,2018-12-12,12760,155,12605,12760,12590,48343
1136,2018-12-13,12740,20,12720,12740,12670,80966
1135,2018-12-14,12570,170,12665,12670,12540,40625
1134,2018-12-17,12510,60,12480,12520,12465,60446
1130,2018-12-18,12240,270,12270,12275,12190,7135
1129,2018-12-19,12225,15,12155,12225,12135,3306
1128,2018-12-20,11895,330,12020,12040,11850,13429
1127,2018-12-21,11880,15,11880,11900,11825,8808
1126,2018-12-24,11610,270,11560,11635,11510,69782
1123,2018-12-26,11230,380,11235,11285,11145,117004
1122,2018-12-27,11730,500,11735,11820,11685,89495
1121,2018-12-28,11925,195,11835,11980,11820,50077
1120,2019-01-02,11885,40,12010,12055,11850,38954
1119,2019-01-03,11775,110,11850,11860,11765,25809
1115,2019-01-04,11775,0,11685,11800,11635,22724
1114,2019-01-07,12150,375,12110,12215,12110,14245
1113,2019-01-08,12230,80,12215,12255,12190,1663
1112,2019-01-09,12355,125,12310,12355,12310,16980
1111,2019-01-10,12300,55,12345,12345,12250,20493
1108,2019-01-11,12400,100,12360,12405,12350,13431
1107,2019-01-14,12310,90,12360,12360,12260,8157
1106,2019-01-15,12435,125,12380,12435,12335,2539
1105,2019-01-16,12500,65,12445,12500,12425,2456
1104,2019-01-17,12465,35,12450,12500,12420,1036
1100,2019-01-18,12640,175,12550,12645,12550,11638
1099,2019-01-21,12740,100,12735,12755,12725,2442
1098,2019-01-22,12685,55,12740,12740,12650,9134
1097,2019-01-23,12620,65,12550,12630,12550,20616
1096,2019-01-24,12625,5,12600,12645,12570,2997
1093,2019-01-25,12675,50,12590,12685,12580,2655
1092,2019-01-28,12700,25,12680,12740,12660,6816
1091,2019-01-29,12625,75,12615,12625,12560,1498
1090,2019-01-30,12635,10,12610,12665,12605,12530
1089,2019-01-31,12845,210,12820,12880,12805,19122
1085,2019-02-01,12930,85,12905,12970,12905,4743
1084,2019-02-07,13045,115,13060,13070,12995,11316
1083,2019-02-08,12895,150,12885,12925,12855,2885
1082,2019-02-11,12950,55,12920,12955,12895,21936
1081,2019-02-12,13035,85,12950,13040,12935,3915
1078,2019-02-13,13195,160,13115,13195,13115,6133
1077,2019-02-14,13205,10,13170,13205,13135,3765
1076,2019-02-15,13090,115,13105,13120,13070,4431
1075,2019-02-18,13295,205,13265,13295,13255,2771
1074,2019-02-19,13295,0,13295,13300,13255,3441
1070,2019-02-20,13305,10,13300,13320,13255,7002
1069,2019-02-21,13370,65,13305,13380,13295,2894
1068,2019-02-22,13285,85,13245,13290,13240,7536
1067,2019-02-25,13405,120,13385,13420,13365,11113
1066,2019-02-26,13350,55,13385,13385,13290,28981
1063,2019-02-27,13350,0,13350,13370,13315,8426
1062,2019-02-28,13330,20,13370,13375,13320,22931
1061,2019-03-04,13480,150,13460,13510,13440,21810
1060,2019-03-05,13385,95,13330,13385,13330,5827
1059,2019-03-06,13290,95,13330,13330,13285,2477
1055,2019-03-07,13250,40,13260,13260,13245,876
1054,2019-03-08,13125,125,13180,13180,13120,4250
1053,2019-03-11,13165,40,13125,13170,13080,7447
1052,2019-03-12,13360,195,13335,13375,13325,5264
1051,2019-03-13,13360,0,13370,13370,13295,361
1048,2019-03-14,13465,105,13480,13480,13425,10955
1047,2019-03-15,13475,10,13415,13480,13415,7344
1046,2019-03-18,13560,85,13520,13560,13475,6583
1045,2019-03-19,13585,25,13570,13600,13555,28358
1044,2019-03-20,13565,20,13550,13565,13485,9606
1040,2019-03-21,13520,45,13495,13550,13495,3119
1039,2019-03-22,13665,145,13675,13700,13640,2487
1038,2019-03-25,13365,300,13405,13435,13345,14411
1037,2019-03-26,13440,75,13435,13465,13410,8255
1036,2019-03-27,13535,95,13460,13535,13460,3648
1033,2019-03-28,13415,120,13420,13420,13370,11330
1032,2019-03-29,13515,100,13530,13530,13470,30893
1031,2019-04-01,13650,135,13640,13675,13615,38927
1030,2019-04-02,13715,65,13700,13735,13675,13469
1029,2019-04-03,13780,65,13675,13780,13675,8257
1025,2019-04-04,13760,20,13765,13790,13735,7900
1024,2019-04-05,13815,55,13760,13815,13760,6717
1023,2019-04-08,13830,15,13815,13860,13785,21758
1022,2019-04-09,13850,20,13835,13865,13805,15033
1021,2019-04-10,13815,35,13785,13815,13750,95144
1018,2019-04-11,13850,35,13860,13860,13805,18861
1017,2019-04-12,13850,0,13845,13850,13800,6215
1016,2019-04-15,13900,50,13890,13935,13885,13811
1015,2019-04-16,13910,10,13900,13945,13885,25274
1014,2019-04-17,13935,25,13915,13950,13885,12352
1010,2019-04-18,13850,85,13890,13890,13805,11791
1009,2019-04-19,13935,85,13920,13935,13880,14937
1008,2019-04-22,13895,40,13940,13945,13850,9869
1007,2019-04-23,13940,45,13940,13940,13880,15456
1006,2019-04-24,13985,45,14020,14060,13980,40535
1003,2019-04-25,14040,55,14005,14040,13980,18045
1002,2019-04-26,13985,55,13990,13995,13925,15330
1001,2019-04-29,14085,100,14040,14090,14040,21622
1000,2019-04-30,14070,15,14080,14080,14040,38305
999,2019-05-02,14015,55,13985,14015,13950,20765
995,2019-05-03,13995,20,13980,14000,13940,7804
994,2019-05-07,14030,35,13995,14030,13900,9494
993,2019-05-08,13830,200,13825,13830,13785,6198
992,2019-05-09,13730,100,13795,13800,13700,7880
991,2019-05-10,13740,10,13750,13800,13650,12259
988,2019-05-13,13690,50,13650,13700,13650,7975
987,2019-05-14,13500,190,13390,13520,13390,9818
986,2019-05-15,13640,140,13600,13640,13550,22701
985,2019-05-16,13635,5,13655,13665,13595,15556
984,2019-05-17,13735,100,13810,13810,13730,13974
980,2019-05-20,13740,5,13755,13770,13715,16346
979,2019-05-21,13665,75,13655,13680,13625,8218
978,2019-05-22,13700,35,13710,13730,13685,5733
977,2019-05-23,13575,125,13670,13670,13570,10082
976,2019-05-24,13540,35,13520,13550,13485,15278
973,2019-05-27,13580,40,13530,13580,13530,13555
972,2019-05-28,13575,5,13575,13590,13545,8271
971,2019-05-29,13360,215,13435,13550,13345,18253
970,2019-05-30,13345,15,13295,13355,13295,19745
969,2019-05-31,13245,100,13255,13275,13220,38776
965,2019-06-03,13120,125,13110,13125,13060,45139
964,2019-06-04,13170,50,13140,13185,13130,6664
963,2019-06-05,13450,280,13465,13475,13420,5814
962,2019-06-07,13655,205,13625,13655,13580,7806
961,2019-06-10,13835,180,13800,13840,13800,38161
958,2019-06-11,13865,30,13800,13875,13800,5514
957,2019-06-12,13800,65,13825,13825,13790,3875
956,2019-06-13,13785,15,13800,13835,13720,11987
955,2019-06-14,13840,55,13830,13890,13825,417274
954,2019-06-17,13835,5,13855,13895,13825,17524
950,2019-06-18,13850,15,13830,13865,13810,6961
949,2019-06-19,13970,120,13970,14015,13960,20855
948,2019-06-20,14095,125,14020,14095,14020,11080
947,2019-06-21,14120,25,14100,14145,14075,16978
946,2019-06-24,14165,45,14120,14165,14105,42795
943,2019-06-25,14090,75,14090,14145,14050,9603
942,2019-06-26,13980,110,13965,13990,13935,4457
941,2019-06-27,14010,30,13965,14010,13925,3924
940,2019-06-28,14025,15,14010,14055,13980,77400
939,2019-07-01,14245,220,14165,14245,14140,61381
935,2019-07-02,14210,35,14180,14210,14150,27399
934,2019-07-03,14240,30,14215,14240,14200,11976
933,2019-07-04,14345,105,14310,14350,14300,150387
932,2019-07-05,14360,15,14345,14360,14325,20504
931,2019-07-08,14255,105,14305,14305,14240,17408
928,2019-07-09,14215,40,14245,14245,14170,7331
927,2019-07-10,14255,40,14240,14300,14220,9458
926,2019-07-11,14380,125,14340,14390,14340,24560
925,2019-07-12,14410,30,14360,14410,14360,26636
924,2019-07-15,14420,10,14415,14420,14380,13116
920,2019-07-16,14435,15,14420,14440,14410,5767
919,2019-07-17,14380,55,14380,14390,14350,9263
918,2019-07-18,14265,115,14280,14280,14215,11415
917,2019-07-19,14390,125,14330,14395,14330,11088
916,2019-07-22,14265,125,14270,14285,14230,9527
913,2019-07-23,14330,65,14315,14340,14295,9775
912,2019-07-24,14385,55,14360,14395,14355,6282
911,2019-07-25,14475,90,14460,14475,14415,19570
910,2019-07-26,14430,45,14400,14430,14380,5414
909,2019-07-29,14475,45,14445,14480,14435,8271
905,2019-07-30,14490,15,14475,14500,14450,26081
904,2019-07-31,14445,45,14450,14470,14405,31179
903,2019-08-01,14260,185,14205,14300,14205,34958
902,2019-08-02,14125,135,14110,14125,14065,13890
901,2019-08-05,13910,215,13990,14045,13845,21238
898,2019-08-06,13590,320,13330,13640,13280,32464
897,2019-08-07,13755,165,13705,13775,13655,24370
896,2019-08-08,13850,95,13765,13855,13750,8322
895,2019-08-09,14010,160,14010,14050,13970,115716
894,2019-08-12,14010,0,13910,14010,13910,13896
890,2019-08-13,13780,230,13820,13830,13775,19722
889,2019-08-14,14040,260,14030,14045,13975,36006
888,2019-08-16,13735,305,13660,13740,13615,42106
887,2019-08-19,13945,210,13880,13945,13865,18921
886,2019-08-20,14015,70,13975,14015,13945,10963
883,2019-08-21,13925,90,13885,13925,13865,13497
882,2019-08-22,14000,75,14055,14060,13995,9304
881,2019-08-23,14030,30,13955,14030,13955,23644
880,2019-08-26,13610,420,13520,13610,13400,25778
879,2019-08-27,13775,165,13740,13820,13730,10695
875,2019-08-28,13760,15,13725,13770,13725,7887
874,2019-08-29,13820,60,13820,13820,13700,31826
873,2019-08-30,13960,140,13960,14045,13960,57382
872,2019-09-02,13940,20,13935,13955,13880,59063
871,2019-09-03,13935,5,13905,13955,13895,76936
868,2019-09-04,14015,80,13905,14020,13870,51078
867,2019-09-05,14175,160,14050,14220,14035,9248
866,2019-09-06,14255,80,14260,14265,14215,4129
865,2019-09-09,14320,65,14290,14320,14275,14073
864,2019-09-10,14240,80,14280,14290,14195,11851
860,2019-09-11,14280,40,14255,14300,14200,3862
859,2019-09-16,14340,60,14320,14340,14270,19182
858,2019-09-17,14335,5,14370,14370,14295,7212
857,2019-09-18,14330,5,14340,14365,14305,13851
856,2019-09-19,14355,25,14375,14385,14285,19869
853,2019-09-20,14410,55,14395,14415,14355,16742
852,2019-09-23,14360,50,14365,14375,14330,12919
851,2019-09-24,14365,5,14395,14400,14350,5202
850,2019-09-25,14220,145,14190,14245,14170,10616
849,2019-09-26,14265,45,14285,14285,14240,7966
845,2019-09-27,14280,15,14250,14280,14175,27879
844,2019-09-30,14245,35,14210,14250,14195,23516
843,2019-10-01,14305,60,14230,14305,14225,13200
842,2019-10-02,14055,250,14090,14095,14050,9445
841,2019-10-04,13920,135,13905,13965,13870,75545
838,2019-10-07,14075,155,14075,14075,14020,7141
837,2019-10-08,14100,25,14015,14100,14015,1546
836,2019-10-10,13935,165,13915,13945,13820,57898
835,2019-10-11,14115,180,14050,14140,14030,12125
834,2019-10-14,14225,110,14255,14255,14175,5747
830,2019-10-15,14215,10,14215,14220,14170,5929
829,2019-10-16,14300,85,14320,14325,14255,15837
828,2019-10-17,14285,15,14295,14295,14250,11156
827,2019-10-18,14335,50,14300,14340,14295,20907
826,2019-10-21,14320,15,14315,14335,14285,12878
823,2019-10-22,14385,65,14335,14410,14335,10807
822,2019-10-23,14305,80,14300,14305,14245,5611
821,2019-10-24,14380,75,14350,14380,14330,11720
820,2019-10-25,14385,5,14360,14385,14325,11256
819,2019-10-28,14485,100,14430,14490,14430,8060
815,2019-10-29,14515,30,14500,14525,14485,52511
814,2019-10-30,14520,5,14480,14520,14470,21995
813,2019-10-31,14585,65,14540,14595,14540,16616
812,2019-11-01,14550,35,14465,14560,14455,20717
811,2019-11-04,14685,135,14630,14685,14620,25592
808,2019-11-05,14740,55,14695,14740,14690,24959
807,2019-11-06,14695,45,14690,14700,14635,19056
806,2019-11-07,14695,0,14705,14710,14655,10123
805,2019-11-08,14725,30,14725,14775,14695,9010
804,2019-11-11,14710,15,14770,14770,14710,12346
800,2019-11-12,14785,75,14725,14785,14725,32730
799,2019-11-13,14750,35,14770,14770,14700,54475
798,2019-11-14,14770,20,14760,14805,14735,10149
797,2019-11-15,14860,90,14785,14865,14785,28432
796,2019-11-18,14920,60,14870,14920,14860,20712
793,2019-11-19,14955,35,14920,14955,14865,27853
792,2019-11-20,14890,65,14890,14900,14845,19373
791,2019-11-21,14835,55,14840,14840,14765,6896
790,2019-11-22,14870,35,14835,14870,14825,5337
789,2019-11-25,14940,70,14880,14940,14880,9977
785,2019-11-26,15000,60,14945,15015,14945,11946
784,2019-11-27,15060,60,15005,15065,15005,35639
783,2019-11-28,15070,10,15005,15070,15005,23622
782,2019-11-29,14995,75,15070,15070,14990,19477
781,2019-12-02,15090,95,15020,15095,15020,20252
778,2019-12-03,14925,165,14890,14940,14865,12144
777,2019-12-04,14765,160,14815,14815,14760,10981
776,2019-12-05,14890,125,14875,14890,14860,7058
775,2019-12-06,14935,45,14925,14955,14895,6778
774,2019-12-09,15050,115,15030,15055,15010,18677
770,2019-12-10,15025,25,14995,15030,14960,13601
769,2019-12-11,15010,15,14990,15020,14960,15205
768,2019-12-12,15070,60,15020,15080,15020,12567
767,2019-12-13,15225,155,15175,15240,15175,38770
766,2019-12-16,15220,5,15195,15220,15180,21602
763,2019-12-17,15290,70,15230,15290,15220,21764
762,2019-12-18,15255,35,15260,15270,15225,9655
761,2019-12-19,15285,30,15255,15295,15245,27943
760,2019-12-20,15335,50,15315,15345,15300,16822
759,2019-12-23,15400,65,15375,15420,15375,19901
755,2019-12-24,15380,20,15410,15425,15380,29018
754,2019-12-26,15445,65,15395,15445,15395,21910
753,2019-12-27,15535,90,15500,15540,15460,33506
752,2019-12-30,15500,35,15485,15505,15440,69162
751,2020-01-02,15480,20,15475,15495,15450,67068
748,2020-01-03,15440,40,15575,15580,15425,38793
747,2020-01-06,15415,25,15365,15425,15360,28825
746,2020-01-07,15510,95,15450,15550,15450,26370
745,2020-01-08,15410,100,15315,15435,15220,32716
744,2020-01-09,15625,215,15555,15625,15555,17281
740,2020-01-10,15705,80,15630,15710,15630,16213
739,2020-01-13,15640,65,15610,15645,15600,38034
738,2020-01-14,15715,75,15735,15750,15690,25024
737,2020-01-15,15655,60,15665,15670,15625,18974
736,2020-01-16,15740,85,15700,15740,15695,17443
733,2020-01-17,15845,105,15840,15855,15830,25195
732,2020-01-20,15905,60,15900,15910,15870,31056
731,2020-01-21,15840,65,15875,15890,15810,32387
730,2020-01-22,15955,115,15840,15955,15825,30368
729,2020-01-23,15830,125,15835,15870,15810,29572
725,2020-01-28,15585,245,15475,15585,15475,39504
724,2020-01-29,15700,115,15640,15715,15610,29854
723,2020-01-30,15555,145,15640,15650,15495,30710
722,2020-01-31,15715,160,15680,15750,15660,32862
721,2020-02-03,15490,225,15410,15505,15400,46820
718,2020-02-04,15625,135,15490,15625,15455,29368
717,2020-02-05,15740,115,15740,15770,15705,40055
716,2020-02-06,16045,305,15910,16045,15900,43712
715,2020-02-07,16000,45,16000,16010,15925,43041
714,2020-02-10,15905,95,15780,15930,15780,24780
710,2020-02-11,16065,160,16005,16075,15985,20112
709,2020-02-12,16080,15,16060,16085,16020,14999
708,2020-02-13,16090,10,16085,16115,16070,28941
707,2020-02-14,16155,65,16095,16175,16090,25734
706,2020-02-17,16215,60,16185,16215,16155,68775
703,2020-02-18,16090,125,16130,16140,16080,40688
702,2020-02-19,16150,60,16100,16165,16100,29510
701,2020-02-20,16180,30,16165,16225,16130,42936
700,2020-02-21,16010,170,16035,16080,15990,30051
699,2020-02-24,15700,310,15720,15775,15665,62744
695,2020-02-25,15560,140,15465,15570,15435,60617
694,2020-02-26,15020,540,15060,15095,14955,242140
693,2020-02-27,14650,370,14795,14835,14620,74704
692,2020-02-28,13875,775,14195,14250,13875,204229
691,2020-03-02,14200,325,13925,14275,13915,143542
688,2020-03-03,14615,415,14710,14795,14530,205687
687,2020-03-04,14505,110,14270,14555,14260,209704
686,2020-03-05,14775,270,14815,14840,14740,167909
685,2020-03-06,14295,480,14460,14500,14180,168833
684,2020-03-09,13470,825,13490,13585,13450,103149
680,2020-03-10,13575,105,13325,13625,13210,157990
679,2020-03-11,13340,235,13515,13520,13230,91022
678,2020-03-12,12560,780,13060,13070,12435,107839
677,2020-03-13,11990,570,11600,12210,11380,286641
676,2020-03-16,12245,255,12250,12330,11900,888856
673,2020-03-17,11965,280,11580,12210,11580,149146
672,2020-03-18,11390,575,11585,11745,11390,82116
671,2020-03-19,11255,135,11700,11770,10920,99054
670,2020-03-20,11590,335,11275,11590,11205,101719
669,2020-03-23,10570,1020,10435,10650,10395,127008
665,2020-03-24,11180,610,10825,11180,10750,104085
664,2020-03-25,11700,520,11570,11735,11430,175291
663,2020-03-26,11645,55,11780,11965,11630,142195
662,2020-03-27,12420,775,12550,12590,12205,125903
661,2020-03-30,12145,275,11860,12275,11835,120973
658,2020-03-31,12550,405,12500,12580,12380,86080
657,2020-04-01,11900,650,12150,12195,11850,101028
656,2020-04-02,11910,10,11800,11930,11760,152142
655,2020-04-03,11875,35,11950,12010,11840,67027
654,2020-04-06,12345,470,12005,12360,12005,103901
650,2020-04-07,12810,465,12700,12820,12545,167829
649,2020-04-08,12590,220,12690,12790,12510,112648
648,2020-04-09,13135,545,13090,13135,12980,167609
647,2020-04-10,13305,170,13165,13305,13135,66664
646,2020-04-13,13110,195,13170,13170,13040,54893
643,2020-04-14,13360,250,13195,13410,13165,43346
642,2020-04-16,13325,35,13285,13325,13120,65490
641,2020-04-17,13700,375,13675,13790,13655,112050
640,2020-04-20,13680,20,13625,13735,13590,88510
639,2020-04-21,13400,280,13475,13530,13260,82890
635,2020-04-22,13215,185,13100,13215,12980,63554
634,2020-04-23,13350,135,13280,13360,13225,47699
633,2020-04-24,13200,150,13250,13260,13175,53700
632,2020-04-27,13620,420,13460,13695,13430,58347
631,2020-04-28,13700,80,13670,13720,13600,68303
628,2020-04-29,13810,110,13730,13875,13715,61997
627,2020-05-04,13390,420,13275,13410,13240,87680
626,2020-05-06,13740,350,13700,13740,13565,47754
625,2020-05-07,13615,125,13555,13640,13510,33742
624,2020-05-08,13910,295,13800,13930,13800,134812
620,2020-05-11,14000,90,14035,14040,13950,35643
619,2020-05-12,13820,180,13945,13945,13820,74858
618,2020-05-13,13655,165,13470,13660,13470,38822
617,2020-05-14,13335,320,13450,13450,13335,51481
616,2020-05-15,13600,265,13630,13630,13510,26587
613,2020-05-18,13755,155,13670,13770,13655,41119
612,2020-05-19,14110,355,14080,14110,14000,129043
611,2020-05-20,14000,110,13975,14055,13955,76551
610,2020-05-21,14090,90,14140,14150,14060,35886
609,2020-05-22,13955,135,14090,14100,13900,370035
605,2020-05-25,14185,230,14165,14185,14110,47393
604,2020-05-26,14385,200,14230,14385,14225,150556
603,2020-05-27,14380,5,14300,14410,14250,92265
602,2020-05-28,14535,155,14495,14580,14455,125912
601,2020-05-29,14450,85,14455,14490,14375,59693
598,2020-06-01,14545,95,14460,14570,14440,57028
597,2020-06-02,14555,10,14515,14565,14485,39892
596,2020-06-03,14750,195,14715,14765,14710,62126
595,2020-06-04,14860,110,14905,14920,14835,112601
594,2020-06-05,14965,105,14825,14965,14825,43631
590,2020-06-08,15215,250,15270,15295,15200,182382
589,2020-06-09,15365,150,15355,15410,15335,94816
588,2020-06-10,15355,10,15350,15400,15310,57858
587,2020-06-11,14980,375,15105,15355,14950,94094
586,2020-06-12,14490,490,14440,14560,14370,279333
583,2020-06-15,14020,470,14285,14310,13975,198833
582,2020-06-16,14805,785,14740,14885,14725,98570
581,2020-06-17,14955,150,14930,14955,14820,65810
580,2020-06-18,14815,140,14800,14815,14665,82061
579,2020-06-19,14910,95,14900,14910,14810,35924
575,2020-06-22,14690,220,14610,14745,14585,83880
574,2020-06-23,14900,210,14930,14955,14665,66576
573,2020-06-24,14900,0,14900,14960,14865,64919
572,2020-06-25,14515,385,14560,14900,14455,70136
571,2020-06-26,14660,145,14710,14735,14660,29190
568,2020-06-29,14395,265,14370,14460,14330,50525
567,2020-06-30,14535,140,14595,14630,14520,51205
566,2020-07-01,14730,195,14735,14775,14715,66351
565,2020-07-02,14880,150,14820,14895,14805,22798
564,2020-07-03,14995,115,14950,14995,14920,46465
560,2020-07-06,15140,145,14995,15160,14115,68546
559,2020-07-07,15110,30,15175,15225,15075,37607
558,2020-07-08,14970,140,15025,15075,14950,35773
557,2020-07-09,15110,140,15140,15160,15090,31197
556,2020-07-10,14895,215,15085,15085,14895,32751
553,2020-07-13,15280,385,15170,15305,15120,88741
552,2020-07-14,15130,150,15105,15130,15050,41791
551,2020-07-15,15355,225,15345,15370,15325,56380
550,2020-07-16,15315,40,15375,15390,15300,38938
549,2020-07-17,15330,15,15345,15360,15315,26811
545,2020-07-20,15310,20,15410,15420,15295,47278
544,2020-07-21,15615,305,15500,15635,15500,105514
543,2020-07-22,15555,60,15590,15630,15530,36012
542,2020-07-23,15650,95,15615,15680,15590,31264
541,2020-07-24,15395,255,15475,15505,15355,51937
538,2020-07-27,15375,20,15310,15420,15310,38291
537,2020-07-28,15480,105,15470,15530,15445,42381
536,2020-07-29,15375,105,15395,15415,15310,37106
535,2020-07-30,15520,145,15530,15555,15500,45941
534,2020-07-31,15585,65,15615,15640,15535,49166
530,2020-08-03,15620,35,15625,15650,15585,29415
529,2020-08-04,15740,120,15715,15750,15705,40521
528,2020-08-05,15825,85,15765,15825,15750,47938
527,2020-08-06,15895,70,15855,15925,15840,76284
526,2020-08-07,15950,55,15955,16000,15895,60047
523,2020-08-10,16035,85,15985,16045,15960,47146
522,2020-08-11,16075,40,16040,16100,16010,38917
521,2020-08-12,15975,100,15960,16015,15910,39913
520,2020-08-13,16085,110,16105,16145,16075,120880
519,2020-08-14,16130,45,16150,16150,16105,36348
515,2020-08-18,16170,40,16175,16195,16135,50543
514,2020-08-19,16220,50,16205,16230,16185,29960
513,2020-08-20,16050,170,16085,16090,15990,78986
512,2020-08-21,16195,145,16195,16235,16170,140716
511,2020-08-24,16280,85,16230,16280,16225,38539
508,2020-08-25,16465,185,16395,16475,16390,47185
507,2020-08-26,16460,5,16440,16500,16410,174100
506,2020-08-27,16635,175,16605,16650,16575,132480
505,2020-08-28,16780,145,16660,16795,16645,64411
504,2020-08-31,16825,45,16810,16870,16800,112770
500,2020-09-01,16770,55,16730,16780,16710,56128
499,2020-09-02,16920,150,16880,16925,16870,152804
498,2020-09-03,17085,165,17065,17130,17040,74118
497,2020-09-04,16480,605,16435,16540,16400,88143
496,2020-09-07,16230,250,16290,16355,16225,57882
493,2020-09-08,16465,235,16435,16480,16370,28719
492,2020-09-09,15925,540,15895,16040,15870,58492
491,2020-09-10,16300,375,16280,16300,16180,45127
490,2020-09-11,16095,205,16015,16100,15985,24383
489,2020-09-14,16155,60,16055,16165,16040,42779
485,2020-09-15,16255,100,16180,16255,16145,25151
484,2020-09-16,16280,25,16270,16320,16240,57761
483,2020-09-17,15905,375,16220,16220,15905,26246
482,2020-09-18,16070,165,16040,16090,15980,101313
481,2020-09-21,15825,245,15905,15945,15800,33767
478,2020-09-22,15650,175,15750,15785,15640,29869
477,2020-09-23,15840,190,15825,15875,15780,16470
476,2020-09-24,15445,395,15440,15525,15395,417315
475,2020-09-25,15560,115,15580,15620,15550,52902
474,2020-09-28,15900,340,15785,15900,15775,25809
470,2020-09-29,16085,185,16075,16110,16065,310774
469,2020-10-05,16105,20,16100,16150,16080,32986
468,2020-10-06,16250,145,16220,16285,16210,14409
467,2020-10-07,16140,110,16055,16145,16025,31670
466,2020-10-08,16420,280,16340,16420,16315,32492
463,2020-10-12,16695,275,16615,16710,16585,53025
462,2020-10-13,16905,210,16905,16930,16835,128370
461,2020-10-14,16820,85,16825,16850,16775,180186
460,2020-10-15,16595,225,16695,16700,16585,27980
459,2020-10-16,16655,60,16695,16715,16630,89376
455,2020-10-19,16705,50,16655,16715,16655,34713
454,2020-10-20,16480,225,16495,16515,16420,40219
453,2020-10-21,16560,80,16500,16570,16495,16263
452,2020-10-22,16380,180,16370,16400,16310,81101
451,2020-10-23,16500,120,16525,16555,16470,34827
448,2020-10-26,16435,65,16460,16505,16410,108971
447,2020-10-27,16315,120,16265,16330,16255,161294
446,2020-10-28,16130,185,16135,16140,16090,164321
445,2020-10-29,15855,275,15740,15855,15710,204821
444,2020-10-30,15510,345,15705,15710,15450,48241
440,2020-11-02,15675,165,15585,15700,15550,496706
439,2020-11-03,15890,215,15850,15930,15825,180967
438,2020-11-04,16210,320,16195,16420,15950,227224
437,2020-11-05,16565,355,16430,16635,16425,75518
436,2020-11-06,16675,110,16755,16770,16640,75685
433,2020-11-09,17005,330,16915,17065,16910,74862
432,2020-11-10,16865,140,16990,17015,16820,41551
431,2020-11-11,17010,145,16940,17020,16890,42997
430,2020-11-12,16960,50,17070,17100,16940,55274
429,2020-11-13,16920,40,16925,16955,16850,41660
425,2020-11-16,17310,390,17260,17320,17230,114226
424,2020-11-17,17270,40,17345,17360,17250,54627
423,2020-11-18,17175,95,17285,17285,17175,42993
422,2020-11-19,17080,95,17040,17090,17015,57123
421,2020-11-20,17045,35,17010,17075,16985,62995
418,2020-11-23,17065,20,17015,17080,17010,81672
417,2020-11-24,17245,180,17180,17260,17175,24521
416,2020-11-25,17410,165,17305,17490,17305,76677
415,2020-11-26,17410,0,17400,17410,17360,70085
414,2020-11-27,17380,30,17315,17385,17290,89081
410,2020-11-30,17280,100,17415,17430,17260,77782
409,2020-12-01,17495,215,17405,17515,17405,39373
408,2020-12-02,17480,15,17510,17510,17435,82970
407,2020-12-03,17545,65,17530,17580,17520,49367
406,2020-12-04,17580,35,17555,17595,17555,26173
403,2020-12-07,17650,70,17690,17705,17635,117309
402,2020-12-08,17615,35,17615,17630,17585,31502
401,2020-12-09,17745,130,17715,17760,17715,27498
400,2020-12-10,17575,170,17590,17600,17555,64675
399,2020-12-11,17545,30,17555,17585,17510,25232
395,2020-12-14,17610,65,17595,17625,17585,76783
394,2020-12-15,17485,125,17490,17500,17435,22122
393,2020-12-16,17670,185,17660,17690,17640,37291
392,2020-12-17,17765,95,17710,17765,17700,25467
391,2020-12-18,17775,10,17800,17810,17740,125167
388,2020-12-21,17775,0,17775,17795,17730,69337
387,2020-12-22,17600,175,17670,17690,17565,30015
386,2020-12-23,17605,5,17650,17670,17510,31851
385,2020-12-24,17700,95,17655,17705,17655,52553
384,2020-12-28,17835,135,17750,17845,17730,54707
380,2020-12-29,17960,125,17900,17960,17900,36308
379,2020-12-30,17885,75,17845,17910,17805,46870
378,2021-01-04,17970,85,17925,17980,17925,55921
377,2021-01-05,17720,250,17715,17760,17670,81821
376,2021-01-06,17750,30,17810,17900,17670,77025
373,2021-01-07,18040,290,17965,18060,17940,55157
372,2021-01-08,18290,250,18180,18290,18180,99807
371,2021-01-11,18185,105,18265,18285,18165,150584
370,2021-01-12,18185,0,18195,18235,18155,56395
369,2021-01-13,18220,35,18185,18245,18185,25875
365,2021-01-14,18270,50,18235,18295,18235,39599
364,2021-01-15,18080,190,18190,18190,18035,133517
363,2021-01-18,18020,60,17985,18025,17945,40153
362,2021-01-19,18145,125,18080,18200,18080,84614
361,2021-01-20,18205,60,18215,18230,18165,28347
358,2021-01-21,18490,285,18440,18510,18440,60282
357,2021-01-22,18390,100,18435,18455,18370,46713
356,2021-01-25,18455,65,18420,18465,18390,39068
355,2021-01-26,18345,110,18435,18440,18320,35867
354,2021-01-27,18390,45,18435,18450,18380,60726
350,2021-01-28,17875,515,17790,17970,17780,91615
349,2021-01-29,17900,25,18070,18100,17855,45627
348,2021-02-01,17855,45,17645,17870,17635,157000
347,2021-02-02,18145,290,18065,18185,18020,217548
346,2021-02-03,18380,235,18345,18400,18340,59553
343,2021-02-04,18305,75,18385,18385,18275,47720
342,2021-02-05,18595,290,18520,18600,18500,112104
341,2021-02-08,18705,110,18645,18715,18635,57633
340,2021-02-09,18745,40,18735,18755,18715,54441
339,2021-02-10,18790,45,18745,18800,18725,54634
335,2021-02-15,18925,135,18855,18930,18855,76656
334,2021-02-16,18955,30,18920,18970,18905,66336
333,2021-02-17,18835,120,18775,18835,18745,117035
332,2021-02-18,18800,35,18845,18865,18765,68135
331,2021-02-19,18730,70,18725,18750,18635,80741
328,2021-02-22,18660,70,18720,18755,18640,29219
327,2021-02-23,18655,5,18585,18680,18540,40010
326,2021-02-24,18485,170,18575,18650,18470,27364
325,2021-02-25,18850,365,18845,18860,18810,24130
324,2021-02-26,18335,515,18315,18425,18230,42759
320,2021-03-02,18650,315,18685,18720,18580,26075
319,2021-03-03,18625,25,18595,18635,18555,24891
318,2021-03-04,18235,390,18205,18280,18115,53045
317,2021-03-05,18040,195,18005,18100,17900,40510
316,2021-03-08,18350,310,18455,18470,18330,29289
313,2021-03-09,18420,70,18390,18480,18340,62286
312,2021-03-10,18485,65,18560,18585,18485,16840
311,2021-03-11,18780,295,18690,18785,18665,90513
310,2021-03-12,18880,100,18885,18925,18855,50278
309,2021-03-15,18890,10,18925,18965,18880,46177
305,2021-03-16,19015,125,18965,19035,18965,75570
304,2021-03-17,18995,20,19000,19005,18940,62053
303,2021-03-18,19055,60,19070,19110,19030,66153
302,2021-03-19,18760,295,18775,18825,18730,59167
301,2021-03-22,18740,20,18720,18760,18660,58770
298,2021-03-23,18840,100,18895,18910,18815,29767
297,2021-03-24,18735,105,18750,18760,18700,14235
296,2021-03-25,18680,55,18670,18710,18630,50215
295,2021-03-26,18830,150,18745,18835,18730,18130
294,2021-03-29,18925,95,18980,18980,18870,41081
290,2021-03-30,19010,85,19035,19045,18995,67907
289,2021-03-31,18955,55,18980,19015,18925,54590
288,2021-04-01,19085,130,19065,19090,19035,61703
287,2021-04-02,19310,225,19260,19315,19260,52392
286,2021-04-05,19330,20,19345,19375,19305,64120
283,2021-04-06,19510,180,19535,19555,19485,100059
282,2021-04-07,19520,10,19530,19545,19500,53723
281,2021-04-08,19630,110,19570,19645,19560,53176
280,2021-04-09,19645,15,19660,19700,19620,66967
279,2021-04-12,19735,90,19725,19755,19710,64148
275,2021-04-13,19785,50,19780,19805,19760,64600
274,2021-04-14,19860,75,19825,19875,19825,27722
273,2021-04-15,19830,30,19810,19835,19780,43683
272,2021-04-16,19955,125,19970,19980,19940,38042
271,2021-04-19,20030,75,20000,20035,19975,77627
268,2021-04-20,19990,40,19985,20005,19970,60346
267,2021-04-21,19810,180,19800,19810,19745,49531
266,2021-04-22,20005,195,19945,20015,19940,37832
265,2021-04-23,19825,180,19820,19870,19815,34674
264,2021-04-26,20045,220,20015,20060,20000,48946
260,2021-04-27,20095,50,20080,20120,20055,50899
259,2021-04-28,20085,10,20075,20095,20055,32077
258,2021-04-29,20170,85,20115,20185,20100,80638
257,2021-04-30,20135,35,20155,20160,20090,36854
256,2021-05-03,20110,25,20120,20145,20085,46064
253,2021-05-04,20085,25,20090,20095,20040,35532
252,2021-05-06,20000,85,19995,20020,19955,54001
251,2021-05-07,20155,155,20130,20190,20125,25792
250,2021-05-10,20320,165,20250,20350,20250,61325
249,2021-05-11,20005,315,20085,20085,19915,44247
245,2021-05-12,19850,155,19915,19935,19740,53052
244,2021-05-13,19535,315,19530,19585,19485,63623
243,2021-05-14,19810,275,19735,19835,19735,25450
242,2021-05-17,19995,185,20005,20020,19950,27905
241,2021-05-18,20055,60,19995,20055,19995,41305
238,2021-05-20,19735,320,19695,19765,19680,33887
237,2021-05-21,20005,270,19975,20010,19955,58461
236,2021-05-24,20000,5,19940,20010,19935,31629
235,2021-05-25,20220,220,20160,20230,20145,61102
234,2021-05-26,20150,70,20145,20170,20125,30522
230,2021-05-27,20110,40,20135,20140,20080,36067
229,2021-05-28,20205,95,20225,20245,20195,38320
228,2021-05-31,20200,5,20210,20215,20185,38171
227,2021-06-01,20180,20,20170,20185,20150,21267
226,2021-06-02,20150,30,20145,20165,20115,14574
223,2021-06-03,20195,45,20200,20220,20190,33100
222,2021-06-04,20105,90,20105,20140,20055,18474
221,2021-06-07,20265,160,20290,20300,20255,13646
220,2021-06-08,20290,25,20270,20320,20270,22674
219,2021-06-09,20285,5,20295,20300,20265,24732
215,2021-06-10,20280,5,20280,20295,20270,32655
214,2021-06-11,20345,65,20335,20365,20330,22255
213,2021-06-14,20390,45,20385,20405,20375,55641
212,2021-06-15,20465,75,20420,20465,20410,50756
211,2021-06-16,20385,80,20385,20390,20365,22516
208,2021-06-17,20185,200,20190,20215,20125,45049
207,2021-06-18,20285,100,20270,20300,20240,19561
206,2021-06-21,19960,325,19965,19970,19850,96423
205,2021-06-22,20300,340,20270,20305,20245,800694
204,2021-06-23,20420,120,20380,20420,20355,27269
200,2021-06-24,20400,20,20385,20415,20370,36607
199,2021-06-25,20480,80,20475,20500,20460,43823
198,2021-06-28,20550,70,20550,20555,20525,35310
197,2021-06-29,20560,10,20550,20560,20525,19085
196,2021-06-30,20595,35,20580,20620,20580,76746
193,2021-07-01,20650,55,20630,20660,20630,264756
192,2021-07-02,20720,70,20705,20740,20705,29865
191,2021-07-05,20855,135,20850,20860,20835,68146
190,2021-07-06,20885,30,20890,20910,20860,56425
189,2021-07-07,20830,55,20805,20835,20795,583227
185,2021-07-08,20840,10,20910,20930,20840,36823
184,2021-07-09,20750,90,20720,20750,20635,60271
183,2021-07-12,20960,210,20970,20980,20925,42863
182,2021-07-13,21030,70,21045,21100,21020,111197
181,2021-07-14,20955,75,20945,20990,20920,24579
178,2021-07-15,21000,45,21000,21015,20960,37820
177,2021-07-16,20935,65,20890,20940,20870,47176
176,2021-07-19,20705,230,20720,20720,20660,27210
175,2021-07-20,20535,170,20490,20560,20470,606853
174,2021-07-21,20740,205,20800,20800,20720,31852
170,2021-07-22,20940,200,20925,20945,20920,22764
169,2021-07-23,21040,100,21020,21040,21005,20121
168,2021-07-26,21100,60,21160,21170,21090,45609
167,2021-07-27,21195,95,21205,21225,21180,44667
166,2021-07-28,21135,60,21130,21165,21060,24311
163,2021-07-29,21145,10,21140,21150,21070,35954
162,2021-07-30,21045,100,21100,21100,21020,20628
161,2021-08-02,21215,170,21180,21230,21170,43571
160,2021-08-03,21125,90,21100,21130,21070,23759
159,2021-08-04,21225,100,21195,21225,21170,23199
155,2021-08-05,21145,80,21145,21175,21145,46853
154,2021-08-06,21245,100,21220,21255,21220,36593
153,2021-08-09,21240,5,21230,21265,21215,27052
152,2021-08-10,21255,15,21260,21285,21225,32458
151,2021-08-11,21290,35,21280,21300,21265,14907
148,2021-08-12,21360,70,21345,21375,21340,42827
147,2021-08-13,21435,75,21410,21435,21405,38197
146,2021-08-17,21475,40,21500,21515,21450,108672
145,2021-08-18,21400,75,21345,21415,21325,28370
144,2021-08-19,21025,375,21135,21170,21025,119914
140,2021-08-20,21170,145,21150,21210,21120,42316
139,2021-08-23,21430,260,21355,21435,21355,24748
138,2021-08-24,21590,160,21555,21590,21555,78329
137,2021-08-25,21575,15,21555,21590,21540,31135
136,2021-08-26,21595,20,21615,21615,21570,36919
133,2021-08-27,21570,25,21500,21570,21470,23417
132,2021-08-30,21700,130,21695,21705,21655,104711
131,2021-08-31,21855,155,21775,21855,21770,46380
130,2021-09-01,21825,30,21790,21830,21765,38164
129,2021-09-02,21745,80,21760,21770,21720,31764
125,2021-09-03,21865,120,21815,21880,21815,31530
124,2021-09-06,21845,20,21780,21845,21755,22702
123,2021-09-07,21845,0,21840,21855,21830,14375
122,2021-09-08,21755,90,21725,21770,21700,39024
121,2021-09-09,21630,125,21680,21700,21600,27733
118,2021-09-10,21680,50,21625,21695,21615,32445
117,2021-09-13,21535,145,21445,21545,21445,53938
116,2021-09-14,21555,20,21545,21565,21525,27759
115,2021-09-15,21405,150,21420,21435,21370,33175
114,2021-09-16,21555,150,21565,21585,21535,26240
110,2021-09-17,21560,5,21500,21560,21475,14733
109,2021-09-23,21200,360,21190,21220,21170,77566
108,2021-09-24,21395,195,21420,21480,21380,48682
107,2021-09-27,21545,150,21450,21555,21450,13738
106,2021-09-28,21355,190,21370,21425,21325,20313
103,2021-09-29,21065,290,20995,21085,20965,80730
102,2021-09-30,21135,70,21030,21140,21020,71104
101,2021-10-01,20575,560,20765,20790,20575,100166
100,2021-10-05,20695,120,20700,20735,20595,53428
99,2021-10-06,20780,85,20860,20920,20765,29848
95,2021-10-07,21145,365,21035,21145,21030,54140
94,2021-10-08,21170,25,21220,21230,21150,34624
93,2021-10-12,20895,275,20990,20990,20855,38028
92,2021-10-13,20920,25,20885,20930,20885,36130
91,2021-10-14,21130,210,21035,21130,21030,45033
88,2021-10-15,21440,310,21390,21465,21360,42907
87,2021-10-18,21455,15,21460,21520,21445,16925
86,2021-10-19,21630,175,21585,21630,21570,45105
85,2021-10-20,21730,100,21760,21775,21710,30831
84,2021-10-21,21775,45,21795,21830,21745,47493
80,2021-10-22,21870,95,21800,21880,21800,21225
79,2021-10-25,21900,30,21825,21910,21805,280613
78,2021-10-26,22035,135,22000,22045,21995,42457
77,2021-10-27,22035,0,22015,22045,21990,27826
76,2021-10-28,21925,110,21955,21955,21905,43587
73,2021-10-29,21995,70,22035,22050,21985,21435
72,2021-11-01,22175,180,22155,22240,22155,82112
71,2021-11-02,22165,10,22175,22185,22125,25418
70,2021-11-03,22255,90,22245,22280,22235,124444
69,2021-11-04,22430,175,22450,22450,22415,41188
65,2021-11-05,22525,95,22530,22545,22500,43003
64,2021-11-08,22590,65,22580,22600,22555,34943
63,2021-11-09,22600,10,22610,22615,22555,29653
62,2021-11-10,22510,90,22520,22540,22460,21065
61,2021-11-11,22420,90,22400,22455,22380,49977
58,2021-11-12,22440,20,22435,22475,22420,23791
57,2021-11-15,22580,140,22595,22610,22555,15898
56,2021-11-16,22545,35,22575,22610,22545,34104
55,2021-11-17,22650,105,22650,22665,22620,31164
54,2021-11-18,22640,10,22630,22650,22605,44560
50,2021-11-19,22780,140,22675,22785,22675,62054
49,2021-11-22,22720,60,22660,22725,22655,20708
48,2021-11-23,22515,205,22590,22620,22515,27168
47,2021-11-24,22630,115,22590,22630,22560,14004
46,2021-11-25,22750,120,22680,22755,22680,33195
43,2021-11-26,22410,340,22620,22620,22410,40207
42,2021-11-29,22360,50,22300,22390,22295,31194
41,2021-11-30,22235,125,22500,22520,22115,71715
40,2021-12-01,22255,20,22125,22255,22055,44335
39,2021-12-02,21885,370,21845,21925,21805,75410
35,2021-12-03,22115,230,22000,22115,21940,73461
34,2021-12-06,22015,100,21975,22035,21915,52384
33,2021-12-07,22275,260,22175,22280,22135,58834
32,2021-12-08,22695,420,22640,22710,22595,35071
31,2021-12-09,22640,55,22670,22700,22625,30734
28,2021-12-10,22530,110,22525,22555,22505,59249
27,2021-12-13,22815,285,22760,22835,22760,59124
26,2021-12-14,22560,255,22555,22570,22525,89133
25,2021-12-15,22405,155,22385,22420,22350,33794
24,2021-12-16,22800,395,22725,22800,22690,133123
20,2021-12-17,22495,305,22600,22600,22445,81481
19,2021-12-20,21975,520,22170,22195,21975,94827
18,2021-12-21,22205,230,22110,22230,22070,142303
17,2021-12-22,22435,230,22395,22440,22390,50499
16,2021-12-23,22665,230,22645,22680,22640,64436
13,2021-12-24,22800,135,22785,22820,22760,29666
12,2021-12-27,22795,5,22810,22825,22785,75790
11,2021-12-28,23100,305,23070,23100,23055,76009
10,2021-12-29,23125,25,23105,23130,23070,31623
9,2021-12-30,23095,30,23095,23125,23065,179391
5,2022-01-03,23070,25,23095,23105,23050,57076
4,2022-01-04,23165,95,23090,23175,23080,31129
3,2022-01-05,23050,115,23090,23090,23030,28253
2,2022-01-06,22565,485,22695,22720,22550,131700
1,2022-01-07,22690,125,23190,23190,22660,41597
